{
  "cli": {
    "version": ">= 14.0.0",
    "appVersionSource": "remote"
  },
  "build": {
    "development": {
      "developmentClient": true,
      "distribution": "internal",
      "ios": {
        "resourceClass": "m-medium"
      }
    },
    "preview": {
      "distribution": "internal",
      "ios": {
        "simulator": true,
        "resourceClass": "m-medium"
      }
    },
    "production": {
      "ios": {
        "resourceClass": "m-medium"
      },
      "autoIncrement": true
    }
  },
  "submit": {
    "production": {
      "ios": {
        "appleId": "YOUR_APPLE_ID_HERE",
        "ascAppId": "YOUR_ASC_APP_ID_HERE",
        "appleTeamId": "YOUR_TEAM_ID_HERE"
      }
    }
  }
}
